Column1,Column2
VTHcEUUa.jpg,0
jkBfbcCf.jpg,1
OSgzWxGU.jpg,2
wYqZtkaf.jpg,3
eZiKChfy.jpg,4
splItGHI.jpg,5
vWSubfAl.jpg,6
IuAlRTWk.jpg,7
HlFpPDbu.jpg,8
wAfaIVwM.jpg,9
dsMiKBrC.jpg,0
UUdLxnnP.jpg,1
xfVhRAEa.jpg,2
wMDQyGAA.jpg,3
uwZLcNzb.jpg,4
uydLFLdb.jpg,5
yGFQmUHa.jpg,6
FncRUnJh.jpg,7
rwAESVSX.jpg,8
aTTIYzhF.jpg,9
DzZkGdbF.jpg,0
FHTEpKMu.jpg,1
fXyQNVjq.jpg,2
KtqFIJrX.jpg,3
GTSqCocj.jpg,4
xubGnfCL.jpg,5
SQrvrcRf.jpg,6
RdqthntT.jpg,7
XAleMWXg.jpg,8
kmaasVJb.jpg,9
yvgiHVIn.jpg,0
xZpxUOVR.jpg,9
ZKgACJBS.jpg,5
oWLEcZzc.jpg,5
pubATcdJ.jpg,6
klMYzKZx.jpg,5
jpJKmhWz.jpg,0
NXIfLviQ.jpg,9
zAGwdSvd.jpg,8
NZzuQdBo.jpg,9
kTsXGjKK.jpg,8
UcJYjPSJ.jpg,4
emYxfadZ.jpg,1
PndOoeNl.jpg,7
dwqmQvNK.jpg,7
KsLOzUcL.jpg,3
gtnMumop.jpg,5
ErPimJWQ.jpg,1
NbaVMvSI.jpg,0
PHIIGbBE.jpg,0
JavMovuu.jpg,2
wpDWxIQK.jpg,2
NXToiAXa.jpg,7
GHbKoiSX.jpg,8
hsEaEvaZ.jpg,2
svHnfHjT.jpg,0
lGLFFgVe.jpg,1
hhGATXGj.jpg,2
xqbjYuEs.jpg,6
vPAAwjUv.jpg,3
SJFIYHvo.jpg,3
fdLOffmp.jpg,7
osGcjxEu.jpg,3
fJMrEVaW.jpg,3
QcSUdveu.jpg,4
ObUvdURn.jpg,6
stAYIWHP.jpg,6
SwkUBIfB.jpg,6
ycTMLEBt.jpg,4
sLnDyVpH.jpg,9
ilqYudFm.jpg,1
aDNbOpYD.jpg,5
LIStmWbY.jpg,0
timGHgiv.jpg,9
oHDFtCDW.jpg,5
lxywcHaZ.jpg,2
FcCXCbGd.jpg,8
tcAjWneB.jpg,2
GRyeJVbu.jpg,0
tjxGnBsV.jpg,0
bvuWjTQs.jpg,1
ejEjMpAE.jpg,7
ngLYXqca.jpg,6
SoLPxUcE.jpg,3
fRiEEMqr.jpg,2
ifmckcpQ.jpg,1
eLnGPwkq.jpg,7
FuswcDXM.jpg,4
FUgWakgs.jpg,6
fJHsXawf.jpg,3
kdWGezEn.jpg,1
mWhNfInS.jpg,3
qoxYQNBC.jpg,9
uHJGNZqk.jpg,1
jBkSZPcy.jpg,7
dQdBPNSr.jpg,6
YNwURaTz.jpg,8
QDnNHBzp.jpg,4
qwGWxfzc.jpg,3
TnTJtYPx.jpg,1
XZgpAFFT.jpg,4
oEiLbVIy.jpg,0
BecPnsgz.jpg,5
ByeYhfVJ.jpg,3
iBVhcAFv.jpg,6
xxWvcRxa.jpg,9
omCoqYCv.jpg,6
Oxafrjdp.jpg,1
xdVaaVui.jpg,7
POozRTiI.jpg,5
xnroGBzH.jpg,4
lEzpNOJD.jpg,4
MlGnaYFe.jpg,7
qGsLibPv.jpg,2
IXYNbVmd.jpg,8
YSWfSFpP.jpg,2
atZYnHYK.jpg,2
VjtsAOBk.jpg,5
qIuFampL.jpg,7
NMgGIhhX.jpg,9
NhjDpMcV.jpg,5
OMmectVM.jpg,4
wtuMBhFE.jpg,8
fdbOyPqq.jpg,8
ZLkrPOQd.jpg,4
VKAKBLxW.jpg,9
BtjuiQTH.jpg,0
kYFXZKXr.jpg,8
dtWajbjS.jpg,9
eLOXavEl.jpg,8
pOWzZLat.jpg,0
gzidfUax.jpg,1
BQzOeJRZ.jpg,2
HvdYPGUF.jpg,3
lyripUuy.jpg,4
BjIwAsUP.jpg,5
PekaFZUP.jpg,6
iOEYjBoY.jpg,7
KvntWsmN.jpg,8
oXoURnKR.jpg,9
UrfCbMke.jpg,0
YDmQsxJZ.jpg,1
fxIxTvjL.jpg,2
hfBluoNy.jpg,3
mrpHEYxy.jpg,4
kIJphPCj.jpg,5
AkVGEaMH.jpg,6
sWMtNqry.jpg,7
SvpriHqp.jpg,8
KmnDchwv.jpg,9
EDpMunvD.jpg,0
PgTZpIqY.jpg,1
URzbfvrL.jpg,2
taEKJkbi.jpg,3
tGCjuWdb.jpg,4
VnpqcWIZ.jpg,5
mpfSwkfM.jpg,6
UepRSJvI.jpg,7
NCRhLKci.jpg,8
KpIfNSGR.jpg,9
AjuvvaMs.jpg,0
nNSKSwaw.jpg,9
CkVZkFfR.jpg,5
qzYBOAKv.jpg,5
CMnOJsAF.jpg,6
WqYUYbzi.jpg,5
UNwahMBB.jpg,0
pjErGyyc.jpg,9
TYDHbFTK.jpg,8
ScaiJJtX.jpg,9
JnXfGZVN.jpg,8
LHTceZKS.jpg,4
ZyLtmDWo.jpg,1
eiOxFeHp.jpg,7
gepkDrYe.jpg,7
LPmmJYNt.jpg,3
FUmumOsW.jpg,5
TZygVnvH.jpg,1
almdkqBz.jpg,0
FhtqTJpO.jpg,0
KYGmwYOL.jpg,2
IQzoVKaN.jpg,2
Bedpfxkh.jpg,7
SQliterq.jpg,8
DgThruiD.jpg,2
tTgORLZY.jpg,0
bkryPDcm.jpg,1
VakMOHdE.jpg,2
MbQngtqj.jpg,6
KXyuuHsU.jpg,3
iPMAnXUA.jpg,3
hVENbMgv.jpg,7
AjxpxEjw.jpg,3
vujIGxMh.jpg,3
hgbYhaND.jpg,4
zcGcAtBV.jpg,6
DZTiKRwp.jpg,6
KfbJSbUe.jpg,6
MezLHvxb.jpg,4
GfLwJThr.jpg,9
tGTkshkI.jpg,1
FTQqMwdl.jpg,5
aIFullTq.jpg,0
lCfWKSqz.jpg,9
vLGYMCsc.jpg,5
gWlVcXya.jpg,2
yuGPjRLe.jpg,8
ayMBjcil.jpg,2
CaDUTWrr.jpg,0
VIxUuASD.jpg,0
zJEKWlzQ.jpg,1
CeZCipJa.jpg,7
cQWTfmIR.jpg,6
ycXmGPNv.jpg,3
UyoTPBIb.jpg,2
cmJkHcoM.jpg,1
dxGoCfcp.jpg,7
WYjcKCqS.jpg,3
xkLtYrHc.jpg,1
kBFhhGOE.jpg,3
YygZLteZ.jpg,9
ytSsgnoF.jpg,1
HcTrsmOX.jpg,7
pVkTpyny.jpg,6
qtNmAPLn.jpg,8
UlLNmUXf.jpg,4
frjDuxxh.jpg,3
lHupGclg.jpg,1
ioobfEQu.jpg,4
SpwvrLhz.jpg,0
oVgxClhb.jpg,5
kjTVKubk.jpg,3
gZtahAMa.jpg,6
ufZOEgXS.jpg,9
XpYylbdT.jpg,6
dVmDvMXc.jpg,1
xDytOdRd.jpg,7
StuhqlWE.jpg,5
jKqBDteL.jpg,4
eWCHqlvm.jpg,4
WYTukEwh.jpg,7
cMFHjYVp.jpg,2
KSczSAeY.jpg,8
isfqFMbT.jpg,2
vJHEpXTx.jpg,2
jvGZZGut.jpg,5
vTuZxYWM.jpg,5
vIqujXza.jpg,4
MsLKqoLe.jpg,8
FmAZXngB.jpg,8
emsuDdhx.jpg,4
xpbNhiln.jpg,9
VWSWMUPm.jpg,0
vwmlEdkD.jpg,8
RPpspUdn.jpg,9
nDCKqDVL.jpg,8
vyulAHcB.jpg,0
nMbQzZBf.jpg,1
rBtwUEzS.jpg,2
auJQYsyl.jpg,3
ekaAJYVq.jpg,4
jNVUzJYz.jpg,5
ZCBRtrEZ.jpg,6
PdUdxrxE.jpg,7
ncLAPDlt.jpg,8
hXHQbnGr.jpg,9
lGcAwhOQ.jpg,0
gwgyqagL.jpg,1
xMxhMmbc.jpg,2
UpmgnwDF.jpg,3
fOGSUvkH.jpg,4
HTdwETNc.jpg,5
BSeSOWui.jpg,6
SfEUcUfT.jpg,7
COMuZPZO.jpg,8
BXTWoTBb.jpg,9
uqLCEgtF.jpg,0
wOIuZQMc.jpg,1
SwAyivkn.jpg,2
XszROWqu.jpg,3
MMMrdrEx.jpg,4
jznzuEdK.jpg,5
pAFtZpaJ.jpg,6
QoXvdVKJ.jpg,7
xDNrSLKn.jpg,8
IPcnnOmg.jpg,9
IUAhvqBX.jpg,0
HdNkpFqZ.jpg,9
KBdbPGUc.jpg,5
PLImTIsY.jpg,5
XUfGAhva.jpg,6
CLNARAOf.jpg,5
FWaMXlMf.jpg,0
vZNHWvyq.jpg,9
bqCjYCUs.jpg,8
lkXGGOiu.jpg,9
YtfIDXUS.jpg,8
LqERJohA.jpg,4
szKTKTBr.jpg,1
LBVffTtn.jpg,7
DmiKqkln.jpg,7
hRtmNrcZ.jpg,3
KzeAoEkK.jpg,5
nCtHsIvG.jpg,1
PmvejQNC.jpg,0
bUvaClXt.jpg,0
TRTDAKBk.jpg,2
ojYYKvNf.jpg,2
MTjRDKRb.jpg,7
npSmjKba.jpg,8
ZjRiZkck.jpg,2
idRsKRqb.jpg,0
RgoWkcAi.jpg,1
gYZViNzI.jpg,2
XqfVdWGr.jpg,6
iMuUrRpi.jpg,3
llMxlNdY.jpg,3
wwnnJKcE.jpg,7
mUNLVXFN.jpg,3
dhgVdWWW.jpg,3
uMHrtkJl.jpg,4
HxwCbUvI.jpg,6
KVjpcpKZ.jpg,6
SpUfTwVM.jpg,6
QREegOFP.jpg,4
cBaXfATR.jpg,9
jHbAMXiN.jpg,1
arbVeNvD.jpg,5
uyDHwjCY.jpg,0
vBpHiDiq.jpg,9
BKIZNvhQ.jpg,5
KhKJbkkk.jpg,2
IsEvuFxS.jpg,8
cSDWmxum.jpg,2
mfNNGWxa.jpg,0
nPNRJlaQ.jpg,0
Oycbzoeu.jpg,1
PmHhJghj.jpg,7
NhfnmNNJ.jpg,6
xAfQFzEf.jpg,3
WvEQbwrM.jpg,2
LqEOVGGL.jpg,1
RMLyRHQs.jpg,7
tkVslhlv.jpg,4
zcyyiISl.jpg,6
WFoZeKKA.jpg,3
wGgXjmRG.jpg,1
OFaJnBjL.jpg,3
OgsoQbSH.jpg,9
quezsDbT.jpg,1
UhFYGLNw.jpg,7
ZWIkIxcg.jpg,6
iPKotviF.jpg,8
IYhJFrBv.jpg,4
RfEEkfmI.jpg,3
asoFFATu.jpg,1
yiayplzs.jpg,4
pgmfjXaX.jpg,0
CxKnipHG.jpg,5
spMazpFX.jpg,3
zHyMpisA.jpg,6
phxWCExf.jpg,9
ufwUzCDb.jpg,6
cfSajNKJ.jpg,1
DDYMBIwF.jpg,7
ZurZNyXx.jpg,5
nvWCBkmR.jpg,4
WKmlNlXB.jpg,4
ZkXaKyoi.jpg,7
yCzxDphV.jpg,2
LMxNlaDI.jpg,8
CNkiejDc.jpg,2
yQaKXWtG.jpg,2
WDuykIuU.jpg,5
bnJbcffP.jpg,7
ScqQPiFW.jpg,9
AvJNmrla.jpg,5
ofECfWIn.jpg,4
XDxWggtU.jpg,8
QNzmylEF.jpg,8
MOMukrhN.jpg,4
YnkDNJMe.jpg,9
OrRJFoaq.jpg,0
nQYjKBzN.jpg,8
aRrLinRp.jpg,9
jZiWIYvx.jpg,3
OEAHjiKO.jpg,0
wFspFWOF.jpg,1
auVPktPv.jpg,2
BTdzqxyd.jpg,3
favxmdae.jpg,4
vmMbohwr.jpg,5
ilrZatAV.jpg,6
bjGnZBml.jpg,7
ZrztxkSA.jpg,8
SSYceyQH.jpg,9
ydRdsXci.jpg,0
xihqNLzs.jpg,1
HKJnevsv.jpg,2
PkmMyJYx.jpg,3
NzLyNZXE.jpg,4
szaVYGqb.jpg,5
muuzNNuy.jpg,6
hSgCLztK.jpg,7
vhGbzDuG.jpg,8
RTTZWCJd.jpg,9
llxAYBRR.jpg,0
GZnsnKMV.jpg,1
QQxmAnXO.jpg,2
SAZyjOwe.jpg,3
WshVGwjz.jpg,4
IdotGEis.jpg,5
uVQBxxHM.jpg,6
PmcoLLAA.jpg,7
cOXOqQbv.jpg,8
aJFmFIue.jpg,9
XRmaNWcz.jpg,0
RbIbmGQd.jpg,9
RDWRxIay.jpg,5
OGZACEIe.jpg,5
ymlsaQaq.jpg,6
SKZNQLBS.jpg,5
BcPVLfFd.jpg,0
CFlvxDyY.jpg,9
cIZSZGQE.jpg,8
iKSgDJHv.jpg,9
fibnOfJj.jpg,8
xtamtsNL.jpg,4
iBaqSQuI.jpg,1
eckHFQAm.jpg,7
uYUCQQqy.jpg,7
cjcSZnDi.jpg,3
pqpxrjuy.jpg,5
ZndQSvTt.jpg,1
AnWkAwTR.jpg,0
GCWcCgGC.jpg,0
QygbNVOx.jpg,2
xbKLCMGe.jpg,2
UfcSDjJi.jpg,7
FTPAjIby.jpg,8
hcQKuwiw.jpg,2
IaRhKQRB.jpg,0
dWHZAshB.jpg,1
eiAQcJdb.jpg,2
xtYnLLZz.jpg,6
nOPEICbS.jpg,3
ybSyosYz.jpg,3
EsXjFrhu.jpg,7
ALONJSiZ.jpg,3
PEibpXPR.jpg,3
NPUeFPHq.jpg,4
cAoMSHFB.jpg,6
SXqwpiyr.jpg,6
URYQhTHz.jpg,6
MtZCyWFW.jpg,4
BuCFrttO.jpg,9
FUpqPjGs.jpg,1
dQRPWjmt.jpg,5
CVpcQzcq.jpg,0
NPLBCpxm.jpg,9
CyLsjsht.jpg,5
BKSDhttJ.jpg,2
gtYTKqcQ.jpg,8
jKYmMsQZ.jpg,2
wRKXSlop.jpg,0
UExcEQSQ.jpg,0
TYvdGNoX.jpg,1
gpavgMHa.jpg,7
mdGUMnmq.jpg,6
FyIIYZPN.jpg,3
wmhtjqvS.jpg,2
sfsmktun.jpg,1
ptZSTvVu.jpg,7
DudhQkiK.jpg,4
ZzUGAFkF.jpg,6
ZlGCDNjF.jpg,3
yYOeCDNA.jpg,1
OIWgyvAQ.jpg,3
ycXLwhlm.jpg,9
oDVEqgLM.jpg,1
xwLuCDCN.jpg,7
esYQFZxt.jpg,6
ckuZItJk.jpg,8
HdVxcJev.jpg,4
gbTtXOZv.jpg,3
WUGwFYbm.jpg,1
hdNbOENk.jpg,4
ZMYmEPcI.jpg,0
NYhECQqm.jpg,5
UwmAEKbb.jpg,3
YHKppDut.jpg,6
EyeFOrQK.jpg,9
npvOyknv.jpg,6
nZNREwDw.jpg,1
eDpVTdJT.jpg,7
efvXTmZA.jpg,5
ApHXwlos.jpg,4
thBSqpZi.jpg,4
JCUEujcr.jpg,7
bZOXFdLY.jpg,2
jQMoVvTt.jpg,8
dTsgfPjA.jpg,2
slWcHRME.jpg,2
qwWTpuGm.jpg,5
YkhUWrcp.jpg,7
udzVpSjL.jpg,9
WRSNjFAR.jpg,5
qDrRNbDX.jpg,4
tzHFuSnb.jpg,8
ldtrZtsV.jpg,8
qIVOjwDT.jpg,4
udoRRYRQ.jpg,9
UqzXyZFl.jpg,0
ScxgPxEi.jpg,8
bWVyYnAU.jpg,9
mkSNpyLd.jpg,8
fIlQSeEz.jpg,0
WTsbcZfj.jpg,1
SlzAViaE.jpg,2
wYbhEgUw.jpg,3
qneFuFOg.jpg,4
FtBWYIEK.jpg,5
yBRJKwzi.jpg,6
daYeZypp.jpg,7
oVnXabzp.jpg,8
RYxuFPcS.jpg,9
nrAvrVDV.jpg,0
KsQnODCW.jpg,1
rWtzBLoo.jpg,2
oiuvDzVv.jpg,3
XbZkGuEC.jpg,4
omMEmots.jpg,5
aDYCxrRS.jpg,6
qJqwetmZ.jpg,7
YcdIBLno.jpg,8
xTQXCWrp.jpg,9
jcSTldVw.jpg,0
yvMfhxnm.jpg,1
BWMuQHwa.jpg,2
AJSNodVj.jpg,3
eOuItWIa.jpg,4
bTqrYRWe.jpg,5
wzhwIQvO.jpg,6
wKHgWLvA.jpg,7
vgoXHYmT.jpg,8
tnwetPRh.jpg,9
PHZPwgYw.jpg,0
sIbqMFwh.jpg,9
dEHvLnkR.jpg,5
hKLrcTBc.jpg,5
QhBSGyeG.jpg,6
sOuPdOlo.jpg,5
fBAHOmfD.jpg,0
tZUUXVro.jpg,9
GauaRlmP.jpg,8
tCZAXzSl.jpg,9
RzswTQQr.jpg,8
qPTlPozS.jpg,4
zUlMtura.jpg,1
DCxlesmy.jpg,7
qSRFKwiD.jpg,7
chNIbFdJ.jpg,3
PlzaDxGl.jpg,5
cyGrNttg.jpg,1
txZKFuwg.jpg,0
zlqQbFhv.jpg,0
WILLbbfX.jpg,2
PXSxunDO.jpg,2
RotlDjzq.jpg,7
ZvgDFfsM.jpg,8
EOJsKEzw.jpg,2
wUeqFFcb.jpg,0
VfUMvbDg.jpg,1
SpENIynf.jpg,2
xmUADGWl.jpg,6
AyYxYTgs.jpg,3
CduDmPBT.jpg,3
CKJZRSgd.jpg,7
JTyOaXwi.jpg,3
BbRNcpKx.jpg,3
ztWkwwjv.jpg,4
hbJepGRO.jpg,6
oqDisOTM.jpg,6
Enwviwis.jpg,6
fheSOGvg.jpg,4
cdJIdjQP.jpg,9
QgclpoSp.jpg,1
UwlxdxYf.jpg,5
iyuxtPOn.jpg,0
ueouPktL.jpg,9
ekTCFFjO.jpg,5
aERrJzuK.jpg,2
QdwQWhBz.jpg,8
xaLZuqWP.jpg,2
aPBWkXLV.jpg,0
osEJncem.jpg,0
uvOFGJni.jpg,1
ebLskljI.jpg,7
WcSVOaof.jpg,6
UgIjSreN.jpg,3
GQiRyOmb.jpg,2
TmSJhGZj.jpg,1
QcYAgOtJ.jpg,7
TpPTgNHo.jpg,4
xDGhlYyO.jpg,6
zvJAqlRv.jpg,3
UVMCILyT.jpg,1
LDEsFfAP.jpg,3
rKxbHcIA.jpg,9
CIduEwHp.jpg,1
DOrgzxvt.jpg,7
fCnocgkT.jpg,6
xrrHSHqr.jpg,8
mYJEaHhf.jpg,4
TzJqcUFP.jpg,3
fJQwCXyI.jpg,1
GyUjuHXM.jpg,4
hIAsHKBJ.jpg,0
YlLfvoZL.jpg,5
zAQSPWjU.jpg,3
rikZXTvF.jpg,6
lmPIPCtx.jpg,9
YOjzqJyf.jpg,6
bMvWiMzp.jpg,1
EoKaFUUN.jpg,7
uwMkjJtj.jpg,5
azfjNuWv.jpg,4
RrkMvJky.jpg,4
lwbdyaCX.jpg,7
NqaQGXZG.jpg,2
LwEBUTOE.jpg,8
OCusTDWr.jpg,2
BreJWIkZ.jpg,2
oXSkVenm.jpg,5
ViUaXtKt.jpg,7
GNasTYdg.jpg,9
MDOwtiju.jpg,5
onDQFWsk.jpg,4
pzNmOFpv.jpg,8
kJazwMfA.jpg,8
qvEMgRpP.jpg,4
zRHkvsvW.jpg,9
EbEjyUEA.jpg,0
SEldseZD.jpg,8
BdCkgQNK.jpg,9
oQvUVsZU.jpg,8
YqzDTavI.jpg,0
nuUtwMSz.jpg,1
qPRQogYH.jpg,2
vdWhooLZ.jpg,3
inwtRlCa.jpg,4
LxYFkbaa.jpg,5
HVEQEdxY.jpg,6
thmsWtPe.jpg,7
MxRriEEh.jpg,8
iKEsrRuj.jpg,9
DoDtiZmE.jpg,0
oIYuERjW.jpg,1
nhSLyHaa.jpg,2
wyjZCinG.jpg,3
eJmTYrUS.jpg,4
PmPPQjWE.jpg,5
GTgXHcSG.jpg,6
hSMqbTIE.jpg,7
EWgamBiU.jpg,8
ffhJnlPT.jpg,9
dQZzRuRB.jpg,0
nmAvZOYj.jpg,1
DQMbqCUf.jpg,2
RlKCNOqT.jpg,3
XIhWgwwr.jpg,4
mSYeJPnS.jpg,5
WvSGoAWn.jpg,6
nINWqrdS.jpg,7
nilNFYom.jpg,8
rNIjoHMU.jpg,9
gTHcxqRh.jpg,0
CYAzXFIX.jpg,9
nKcmOYik.jpg,5
JfQRtyQS.jpg,5
NfkHavAv.jpg,6
pKDaumig.jpg,5
ppKTdMqq.jpg,0
RSaULIit.jpg,9
IDDVFgRT.jpg,8
rgnDtxhD.jpg,9
sAvfpMag.jpg,8
ErrObwOx.jpg,4
XpJSecDI.jpg,1
HSPQDSMJ.jpg,7
suARqJec.jpg,7
ZYngWRNY.jpg,3
LmBLGTYb.jpg,5
JglQYvYy.jpg,1
GIOcHOwh.jpg,0
fzxpcByK.jpg,0
fUnnnKHh.jpg,2
xAqxnZTB.jpg,2
urtbbdBA.jpg,7
HUTbmkHl.jpg,8
hNPirrMW.jpg,2
CxqSUuXJ.jpg,0
YXgJIoNB.jpg,1
kIoWoywc.jpg,2
PShjnjjv.jpg,6
VIvEdYNT.jpg,3
bbLdxKNQ.jpg,3
jNcWuctt.jpg,7
ICsdFMiy.jpg,3
UKHOnuZO.jpg,3
aBsNXRuC.jpg,4
phZNrMgW.jpg,6
YKehfjRe.jpg,6
pnBVreYM.jpg,6
NRsnotyz.jpg,4
PVonzedp.jpg,9
CeySEvvc.jpg,1
MbtvXuIt.jpg,5
pPbNosyM.jpg,0
kncFxTMm.jpg,9
YVJMpYxl.jpg,5
aFhDVNZH.jpg,2
wjcPbliu.jpg,8
kTvWHIZK.jpg,2
wAINoMfH.jpg,0
vJzGshPC.jpg,0
aQppCwfW.jpg,1
mDyQScfp.jpg,7
hOppjaKO.jpg,6
ZCdTRBgq.jpg,3
vAMEhkfC.jpg,2
VJCOJYRm.jpg,1
RvzwKufv.jpg,7
QEEaupzI.jpg,4
SZhKtbyH.jpg,6
EtZegIMn.jpg,3
opApgsaS.jpg,1
aaYWogrT.jpg,3
ITHfBIcd.jpg,9
dfWRQxys.jpg,1
xCadVAbF.jpg,7
eMTKJaob.jpg,6
tiwTVqFK.jpg,8
TfgxhYJE.jpg,4
uFCdfDws.jpg,3
gytjfIQf.jpg,1
zWjcuAqY.jpg,4
KtlXqrjx.jpg,0
PMpKKmMG.jpg,5
hnIzKicV.jpg,3
DHJTFQot.jpg,6
umdQRTmA.jpg,9
IjIGVwmX.jpg,6
hNaPHXKd.jpg,1
IVEiTjYa.jpg,7
hcSIvnck.jpg,5
uQmVfATz.jpg,4
niyEgEdH.jpg,4
JmMaolaW.jpg,7
WDCnJUBe.jpg,2
ebkEMVsU.jpg,8
aEcheJaB.jpg,2
jNmNuoCJ.jpg,2
uTYFSXeW.jpg,5
vWlKWGGy.jpg,7
wywGyRrL.jpg,9
XuRziehn.jpg,5
KrAmqDHV.jpg,4
pqVmmBMr.jpg,8
XEfiGFqp.jpg,8
nasAnqNF.jpg,4
wAeeLyOc.jpg,9
NMywaqlw.jpg,0
BuuwEeZP.jpg,8
iivLdxsT.jpg,9
BUrvBNtW.jpg,8
JObrWvOh.jpg,0
NOVNJnez.jpg,1
apdHJOGX.jpg,2
CddNikil.jpg,3
LPRiyuQd.jpg,4
bydqGiEJ.jpg,5
lHYHAqKz.jpg,6
IZAZGWcg.jpg,7
LUMHgaCB.jpg,8
fXHixKVn.jpg,9
nerTUxES.jpg,0
bZSVzHMf.jpg,1
dwWzFHVZ.jpg,2
DLtdEmHI.jpg,3
hphDJeOX.jpg,4
EPIVeOhv.jpg,5
WZtgxlSZ.jpg,6
wsFNABsG.jpg,7
KMChgluH.jpg,8
VbuenTjF.jpg,9
pMfuYWvq.jpg,0
BQkKnBYN.jpg,1
yqwafaLG.jpg,2
QFWJTaKT.jpg,3
fhMWOGOM.jpg,4
LFLYLACz.jpg,5
LGbfOaSn.jpg,6
Wwksfmop.jpg,7
bNYRktIm.jpg,8
GRQKgRBV.jpg,9
sSSzVxtS.jpg,0
xnXCAezw.jpg,9
kwjAKfVv.jpg,5
zGXLgvIY.jpg,5
HtJPTDRI.jpg,6
ekVOMnWd.jpg,5
qIjchgKa.jpg,0
PUkuQfsa.jpg,9
bbjcUTbU.jpg,8
DpaxAVwz.jpg,9
uAtWARFm.jpg,8
DMnWhrga.jpg,4
lkxZyzhl.jpg,1
KGtUgygZ.jpg,7
zXOscIOU.jpg,7
wMZgDDBr.jpg,3
UUrscIKw.jpg,5
tOuGzFxA.jpg,1
vODaJikT.jpg,0
rbeipMoy.jpg,0
IqiIOUlZ.jpg,2
bjlLxXNd.jpg,2
iuqqKmyJ.jpg,7
XfKHsNlx.jpg,8
qgQePkYP.jpg,2
rtqdMNef.jpg,0
HtMYNLFT.jpg,1
LGPyWhze.jpg,2
nttDoCSi.jpg,6
QDaZevTZ.jpg,3
LvwjUqvg.jpg,3
kSwjjQNB.jpg,7
KoeDAAxX.jpg,3
qqBDRMej.jpg,3
nqicFKcM.jpg,4
wJcfoSgS.jpg,6
ppmkZUJA.jpg,6
qApqoCxc.jpg,6
tKWTjdtY.jpg,4
jdrxOwCP.jpg,9
usmfXKsE.jpg,1
qPozsgsF.jpg,5
cRqEdFpG.jpg,0
CinDoBxq.jpg,9
gWOEWAUs.jpg,5
iQrDLSpB.jpg,2
pVFPNQNQ.jpg,8
dWfLPDdl.jpg,2
ZjEezYFB.jpg,0
ETMpzgvn.jpg,0
NKCPGmCA.jpg,1
mXGEiCYm.jpg,7
LxKjwhMU.jpg,6
rmNwzWOf.jpg,3
YiPGLLmk.jpg,2
MZLvhVfr.jpg,1
uxLbGGgz.jpg,7
OGSlhHFY.jpg,4
mGHNcNYq.jpg,6
dGZWbags.jpg,3
vZqExasu.jpg,1
QzMuJvwZ.jpg,3
HBYpKCru.jpg,9
VPzRjhXj.jpg,1
gRmuQbwz.jpg,7
BaxJwLzd.jpg,6
bZKboMWs.jpg,8
ZWnRRIOa.jpg,4
mnBPDLLp.jpg,3
FxfInORr.jpg,1
dBusUKdW.jpg,4
dzjVLPdS.jpg,0
vJQXwBrE.jpg,5
frESbdoH.jpg,3
MiSVKzEo.jpg,6
fKZcmlen.jpg,9
oBbhCnHA.jpg,6
RosDAqFF.jpg,1
eyaTTZfO.jpg,7
xTlSsHgm.jpg,5
pftNEuRS.jpg,4
sUgAslpW.jpg,4
FXlEwVun.jpg,7
CWoWCprY.jpg,2
hJrrkruX.jpg,8
OuzZtZzr.jpg,2
LSYZxtZT.jpg,2
WKpAGnqr.jpg,5
IxHbLocF.jpg,7
xtGTgzsy.jpg,9
szheAQAc.jpg,5
cBEnzmbj.jpg,4
JSuHOHgX.jpg,8
EhVaevAC.jpg,8
zSjKpFle.jpg,4
pebWIwgw.jpg,9
FUWSjUJU.jpg,0
kKOkeUqk.jpg,8
pFRdmEce.jpg,9
taZxpbPF.jpg,8
lQUJqAnY.jpg,1
LKmlROvd.jpg,2
IeGrkHlk.jpg,3
yJLmMJcf.jpg,4
nrkGzGNS.jpg,5
HVGXblcL.jpg,6
mceZuAAB.jpg,7
kdIQgCym.jpg,8
SfAMtiLW.jpg,9
VzxzIJcs.jpg,0
WpqLXNRG.jpg,1
AjiXqmMm.jpg,2
UNhjzqdq.jpg,3
JSonmBoP.jpg,4
yFYQsvku.jpg,5
TsCnjjRE.jpg,6
pxEKkzRH.jpg,7
FiUGEgrt.jpg,8
cHUZinYL.jpg,9
ltszdxcC.jpg,0
VZceWoec.jpg,1
rCfiLXiv.jpg,2
iWeXIpMe.jpg,3
pXKxNSxG.jpg,4
LbJmLyNw.jpg,5
QqppSqCQ.jpg,6
VeXlEqjj.jpg,7
cwYBPacu.jpg,8
hKJBRjQY.jpg,9
ihQxbyBs.jpg,0
ndubExwL.jpg,9
eQZBfTwa.jpg,5
GtcjSVwD.jpg,5
nANFxtnI.jpg,6
FEEccZUV.jpg,5
AHoXKVjq.jpg,0
UPwmTaDH.jpg,9
dOfjColb.jpg,8
IDVBzRIz.jpg,9
LKfzgjFH.jpg,8
ClFnspwY.jpg,4
AHsgulhU.jpg,1
XPonQzbp.jpg,7
ndsbhsgu.jpg,7
aeIaAkaY.jpg,3
XRkZyDjC.jpg,5
JndfXkql.jpg,1
TKGhreWV.jpg,2
XkYKvchL.jpg,7
CNtcoBhV.jpg,8
LPpqtjHp.jpg,2
ClcCaGmR.jpg,0
LVBQVcpa.jpg,1
PVrLpkUl.jpg,2
IPUSaKuD.jpg,6
qZPWghSG.jpg,3
jSkQLNiL.jpg,3
gpJnYbkM.jpg,7
LbvFOQby.jpg,3
JfHrdDhk.jpg,3
yXfVbEcs.jpg,4
IXCXzQNo.jpg,6
eLCTbXAY.jpg,6
GmYskhnz.jpg,6
PTiCXqVO.jpg,4
ODuAPKOr.jpg,9
FEIVxfFb.jpg,1
aZeNjpgt.jpg,5
yGJZFyqp.jpg,0
YyheqnOA.jpg,9
xYKabJRy.jpg,5
xqTRITvn.jpg,2
myGPeuts.jpg,8
mTbGspSU.jpg,2
CgNvffVm.jpg,0
THjrPdfO.jpg,0
MnCOhGPr.jpg,1
oWuqsXEe.jpg,7
xWGrrYQc.jpg,6
ldOaPglX.jpg,3
YiQslQJc.jpg,2
BPrUjwxJ.jpg,1
IeIAGOko.jpg,4
BlYIkqOt.jpg,6
dWGBSlWv.jpg,3
dzwUcwPa.jpg,1
NdmlveWO.jpg,3
OlZmHuwe.jpg,9
LXfXxEJL.jpg,1
vkecJIJG.jpg,7
cXFqrddH.jpg,6
FRqzzgvl.jpg,8
rCOZAYzD.jpg,4
iFEQLckl.jpg,3
WfWlRSPu.jpg,1
GmxOKBSN.jpg,4
OJAdWlwx.jpg,0
OYiquYTl.jpg,5
ZAGUdsqT.jpg,3
rBciMbfI.jpg,6
GJuCuUmd.jpg,9
ruEovsvB.jpg,6
IinXDoiu.jpg,1
jxbXprKl.jpg,7
LjfXIuuj.jpg,5
WMPBrKwd.jpg,4
TzsxHlFh.jpg,4
mhTTYzCZ.jpg,7
ozHRaIAN.jpg,2
ynrwkGOT.jpg,8
feakROfG.jpg,2
RnZAqYjx.jpg,2
zrwtxiWo.jpg,5
KevzZvAZ.jpg,7
IDcXuLqv.jpg,9
OuJMPoIs.jpg,5
tjpoHuhg.jpg,4
WqtxwQeG.jpg,4
bEfujauN.jpg,9
fRLEZkZt.jpg,0
unKZMvwU.jpg,8
YFeIgSsy.jpg,9
sumAOJib.jpg,8
XEiIhSNv.jpg,0
ARVYJNUB.jpg,1
TpfmVWJw.jpg,2
vLPMrFyk.jpg,3
nudnPKbG.jpg,4
clEWGjEV.jpg,5
uYkXBVMY.jpg,6
TZiMuvrV.jpg,7
WlFXxTZA.jpg,8
IOxQIiBz.jpg,9
gPpjiGAg.jpg,0
PioARKrq.jpg,1
MjFaVRqA.jpg,2
UAHkvkeO.jpg,3
SuzbUwUe.jpg,4
AmQSZetA.jpg,5
kHnJiIOl.jpg,6
Vrkdvesd.jpg,7
zOZEJhva.jpg,8
rKVYMOPC.jpg,9
rTYbALDF.jpg,0
GhJmTNMK.jpg,1
MAsSWRqq.jpg,2
PYmSjxHp.jpg,3
kvoUstmq.jpg,4
wrPebKQy.jpg,5
dtKbPOHp.jpg,6
UPWCttxy.jpg,7
fbWVajSG.jpg,8
tCTEqLCk.jpg,9
jdmYPvNQ.jpg,0
cmBrZvln.jpg,9
OqhYwdaK.jpg,5
GNTYEtlu.jpg,5
UFZPbpkk.jpg,6
mgnIIunL.jpg,5
Mhzlavvw.jpg,0
PEHcvSYk.jpg,9
gXJrdkiY.jpg,8
ucuEUnsG.jpg,9
XISqWDyg.jpg,8
auErhMLr.jpg,4
TTvkUFME.jpg,1
ySnlPTrG.jpg,7
WqQrFvHH.jpg,7
fVvohpIf.jpg,3
nyAFHRhU.jpg,5
wKnoGOMJ.jpg,1
JVtouvOp.jpg,0
TLaUEOGi.jpg,0
tCKYKfUz.jpg,7
HtajjRrR.jpg,8
UzJJzNTB.jpg,2
SOzistTQ.jpg,0
sPvLlaXu.jpg,1
zktVCuxW.jpg,2
EFoqxULk.jpg,6
PahJxbkl.jpg,3
IauTGXHt.jpg,3
lxPdQDAf.jpg,7
PKoXNARw.jpg,3
PXqWWlcq.jpg,3
eVRWLHgp.jpg,4
PMTktAZa.jpg,6
EjLiPlXo.jpg,6
aTkNeQdE.jpg,6
JjQxmRGT.jpg,4
DVPomHKb.jpg,9
TRXUeilU.jpg,1
XQpEQEef.jpg,5
QUtJBbpk.jpg,0
UvkZkitl.jpg,9
cVuItqTn.jpg,5
mpkmRteF.jpg,2
XSnlRKPS.jpg,8
xNoadQnO.jpg,2
ODMEaqpH.jpg,0
erCNjWjK.jpg,0
bwftNIRa.jpg,1
kARwJqlw.jpg,7
vFnPvBrm.jpg,6
PPVvSEQc.jpg,3
HTCDdCfG.jpg,2
VLuEjJKM.jpg,1
wyzLseEU.jpg,7
QyOWRFDX.jpg,4
zoGEMXze.jpg,6
FRAWdDJA.jpg,3
WvrkzAwJ.jpg,1
iDLLJTeD.jpg,3
jLWcrkIh.jpg,9
TycPQDaM.jpg,1
FipqDBMI.jpg,7
VAkgXsBy.jpg,6
rlyYvsoP.jpg,8
LGHMIKSI.jpg,4
soSfIEuX.jpg,3
eulstRSm.jpg,1
RtEQDbLC.jpg,4
VKaDyvgO.jpg,0
VmMVCfEu.jpg,5
IZkXvtWC.jpg,3
XNIBkPBl.jpg,6
GqIamwHG.jpg,9
buePgbAq.jpg,6
HAGiQYJE.jpg,1
qluPqBAe.jpg,7
cULvlvCk.jpg,5
qgcgLpfz.jpg,4
fQeEcxjy.jpg,4
BPBNiRjF.jpg,7
rxGWWztE.jpg,2
xGAoFRvy.jpg,8
cpsVGNVQ.jpg,2
lsEuNARe.jpg,2
jYKlqrHg.jpg,5
QLCEKfan.jpg,7
YNehyGbd.jpg,9
tsnlFWZV.jpg,5
NVSIFgIX.jpg,4
sVKFbvyI.jpg,8
vHdQfJdj.jpg,8
sBVQybSm.jpg,4
btgGDyQs.jpg,9
YaeffIXm.jpg,0
gypNKFQY.jpg,8
sfISVmuW.jpg,9
nRqefXCL.jpg,8
ZvDVEnMs.jpg,0
tZTilZyu.jpg,1
UjIudyKe.jpg,2
acvBCwpN.jpg,3
IPKqgZbh.jpg,4
RwxOVbRm.jpg,5
ythJJXKT.jpg,6
JtOXTiuV.jpg,7
yFpGCDWv.jpg,8
BYWhrTIh.jpg,9
VLehoQDE.jpg,0
fUqfoRct.jpg,1
rYsdCQmR.jpg,2
AXrxAAnD.jpg,3
nDsJmTXq.jpg,4
TWRzgHcy.jpg,5
utjmuqOr.jpg,6
xjElJtpm.jpg,7
YHqIBOAR.jpg,8
WcldzmCJ.jpg,9
iLcbFRza.jpg,0
TiFWvpuW.jpg,1
TbnRkHar.jpg,2
HtNtPoKU.jpg,3
YHZvrZWg.jpg,4
KSSQZDlJ.jpg,5
zbSUuCDz.jpg,6
LOIxMtSt.jpg,7
dHxivLTg.jpg,8
RkLgFKXV.jpg,9
PTNouhSf.jpg,0
hAKkFXex.jpg,9
kpbhaHWL.jpg,5
cxTJvQVg.jpg,5
xJZECPqt.jpg,6
nFToUDRs.jpg,5
xaUvduZt.jpg,0
XSByOokU.jpg,9
nkdDHpmb.jpg,8
ZOWUgtJX.jpg,9
cAasqvzj.jpg,8
kZndhaXG.jpg,4
jXVpvtZd.jpg,1
AykYjjIr.jpg,7
zEimDhDK.jpg,7
ZSbcnlcO.jpg,3
YvCyySWp.jpg,5
KKaTPKnO.jpg,1
ZkIplOJk.jpg,0
uGfpHKMu.jpg,0
UyZBsDOZ.jpg,2
OFpTMTbi.jpg,2
bZIhWqXQ.jpg,7
OKNSRsbJ.jpg,8
xlNFuDrH.jpg,2
EFpSotre.jpg,0
mGsKpFib.jpg,1
NhmnQufj.jpg,2
LYDojKAw.jpg,6
dcwNItue.jpg,3
WetfUtUI.jpg,3
KlogZQWK.jpg,7
uNpDIuiX.jpg,3
VKfrhANF.jpg,3
fSUaSYai.jpg,4
GHHZsxZX.jpg,6
oPjrLbtb.jpg,6
lHgxOQNy.jpg,6
ttjWtFjB.jpg,4
qeBlzvQk.jpg,9
JfVFsPHF.jpg,1
hNBgaCQj.jpg,5
ZGHclPos.jpg,0
eLsWuVXN.jpg,9
JYKioeWT.jpg,5
NdVjgSgU.jpg,2
qjPrPwoL.jpg,8
gevOyAUM.jpg,2
ayLaUFGg.jpg,0
YVUYfYNd.jpg,0
CBGLloXz.jpg,1
pnSouBSK.jpg,7
hVTxkdPi.jpg,6
MvAnrEhI.jpg,3
xhgLZtHV.jpg,2
JCiOSzVf.jpg,1
wLXggAcB.jpg,7
nDHUEEdA.jpg,4
ucYdqOSj.jpg,6
zCMXPIfV.jpg,3
GOKOTNlU.jpg,1
UCPVpgMP.jpg,3
vFnQJAEs.jpg,9
wouShJyv.jpg,1
jVPcbvIu.jpg,7
hVrCNXTK.jpg,6
puZQltcf.jpg,8
fWLIJENt.jpg,4
qfzgMwgU.jpg,3
HAutZDBA.jpg,1
QkAwjpBj.jpg,4
XHIGVHNC.jpg,0
PajYrxbn.jpg,5
olJzBTyv.jpg,3
MNzwHFaH.jpg,6
WkznlTYp.jpg,9
efPooHRX.jpg,6
vlqFNwwx.jpg,1
iTtiHObH.jpg,7
PsGybmin.jpg,5
QZlINgBO.jpg,4
sBiwTJUS.jpg,4
jAvMelTY.jpg,7
HqhoswqW.jpg,2
yTypLtpn.jpg,8
ILPzcZXG.jpg,2
GkiuBQYP.jpg,2
WGgTmKva.jpg,5
NLXWttPn.jpg,7
mdjRPRTj.jpg,9
rwfGcIrn.jpg,5
TXQPANiY.jpg,4
xwZfUfFk.jpg,8
TGRlJFbO.jpg,8
XLqfVKXZ.jpg,4
xQfVKpQf.jpg,9
ozVCCZVH.jpg,0
yCDsUccT.jpg,8
GoDMCMkQ.jpg,9
eXJdszQO.jpg,8
cAAWPtqk.jpg,0
pVpnXmaT.jpg,1
sWbMitMU.jpg,2
SwFLPYKn.jpg,3
YdPMnBUP.jpg,4
uguQqCcu.jpg,5
AmDcnAOA.jpg,6
jdHBvWzQ.jpg,7
OkXMxiMf.jpg,8
dSrSODxA.jpg,9
idGUXYrx.jpg,0
jSpApTdF.jpg,1
MspzoBqQ.jpg,2
NWlyBdwS.jpg,3
eBqBVPdP.jpg,4
SqzCWtSS.jpg,5
NnMkkPFh.jpg,6
ikaMYVCu.jpg,7
gQZltkRa.jpg,8
PihGOwXH.jpg,9
QDmSIZrR.jpg,0
hmGRDfuK.jpg,1
vSoxLoxt.jpg,2
JPXtXHDm.jpg,3
aOtiWIxa.jpg,4
GJQrQsjk.jpg,5
lOvbGvlB.jpg,6
ikkqXUeI.jpg,7
SjfnMXYq.jpg,8
iDjKgLOi.jpg,9
YctRAgsv.jpg,0
OgkrubnD.jpg,9
KntcBlll.jpg,5
fxpRvnui.jpg,5
knNFSmTc.jpg,6
ybptMsWc.jpg,5
cxrXveLj.jpg,0
TclvePDj.jpg,9
SucbAcMN.jpg,8
OSjvXohW.jpg,9
iVJKwVIb.jpg,8
pwfUBjdb.jpg,4
EedLjeMi.jpg,1
rmNzThkV.jpg,7
yNkZlcmx.jpg,7
FiVnYkIV.jpg,3
tHZiOMDr.jpg,5
bpGcoSfx.jpg,1
zcmVINlM.jpg,0
ZgwlDgJt.jpg,0
FNzqBrZS.jpg,2
HJbJyScm.jpg,2
AuIlszSo.jpg,7
ELtZYBHT.jpg,8
YMxuwHVr.jpg,2
paHxlyep.jpg,0
VSoZGNEi.jpg,1
rMGqBzNC.jpg,2
ZHDASIaC.jpg,6
DPCuuagf.jpg,3
dPfQceNs.jpg,3
TcGDuPxa.jpg,7
FZXJXrDq.jpg,3
IbvUwAtX.jpg,3
jTapznbu.jpg,4
lCpveLli.jpg,6
nkVYYuBc.jpg,6
PrPXglOi.jpg,6
gYRLXdHF.jpg,4
zEybMGlO.jpg,9
EhymtSnG.jpg,1
XnFQTobO.jpg,5
LuCyITbQ.jpg,0
OWYdvluv.jpg,9
tXWZIymP.jpg,5
WSSLIjIZ.jpg,2
GfCdyaeb.jpg,8
JPHcLHnT.jpg,2
RutAnbnH.jpg,0
PlwSyAXj.jpg,0
zLWBwBkS.jpg,1
uCCILrLi.jpg,7
rqmLqFwB.jpg,6
GytHbDNG.jpg,3
IbwzoSUn.jpg,2
zMQxDmfi.jpg,1
rAInlECo.jpg,7
roJpChdc.jpg,4
JOfaGAvX.jpg,6
eqTnRqlN.jpg,3
YHrOSCff.jpg,1
QcYMqAbi.jpg,3
MlqnhysX.jpg,9
bpssOohw.jpg,1
bqkMIrWq.jpg,7
NPHOvbTj.jpg,6
XYVFqQic.jpg,8
YBMQcbjX.jpg,4
fAhQZoOt.jpg,3
LRtVmuly.jpg,1
BteRfeGy.jpg,4
PbsgtRiC.jpg,0
XIySKGeb.jpg,5
aguACsPz.jpg,3
lSIahoFT.jpg,6
ffbSGFRm.jpg,9
TxFkyQcg.jpg,6
nGAJbwoY.jpg,1
QMXTKckb.jpg,7
LMTyIFhm.jpg,5
SYtrMDGU.jpg,4
haTcZbUT.jpg,4
mjNzEamn.jpg,7
UtuaNDHy.jpg,2
txMjLAQi.jpg,8
REXFOOgs.jpg,2
lznEGejp.jpg,2
AzOZIjsk.jpg,5
QTLOegtQ.jpg,7
rMMJvkXV.jpg,9
uREOxqlS.jpg,5
hIoEiUze.jpg,4
VcPGclDk.jpg,8
gOGTqGHm.jpg,8
vIkkJlxa.jpg,4
FzXPAYHz.jpg,9
SzQOpIfv.jpg,0
rpFEyQJG.jpg,8
sHWOPplQ.jpg,0
HrjvDCWp.jpg,1
kUZOgiDz.jpg,2
bzzNrLpL.jpg,3
blgcMRkq.jpg,4
xsktKDVs.jpg,5
TMwnLmcX.jpg,6
NFFcKGOl.jpg,7
iOvSCjNz.jpg,8
uvUHIOlP.jpg,9
rducwdzy.jpg,0
BuJPwKJL.jpg,1
McfkDGLK.jpg,2
UXlOrRXA.jpg,3
DLTfaTiC.jpg,4
JSEZQXit.jpg,5
TKqSAlqf.jpg,6
aRhUPwKY.jpg,7
UTZVEYGe.jpg,8
xEaaEKKA.jpg,9
uXFevjor.jpg,0
GpssXUIS.jpg,1
dodnExVq.jpg,2
ZrSVSHbP.jpg,3
PnyYVUJL.jpg,4
sDmTEkub.jpg,5
sIabFWel.jpg,6
WZBqGBIt.jpg,7
ylrhLfYc.jpg,8
rvThWoMa.jpg,9
FYUhhEUm.jpg,0
UyxooUKE.jpg,9
YhkHLrbs.jpg,5
jPDCPuRk.jpg,5
AaoOAJzd.jpg,6
DexCFgPc.jpg,5
EblvOgbO.jpg,0
WQnjVcaI.jpg,9
bjrrADHg.jpg,8
gkRVqaKA.jpg,9
TSdJVTKN.jpg,8
dgXrQbKe.jpg,4
KXLxpGUM.jpg,1
ObTuSvta.jpg,7
hLHyvxnS.jpg,7
YjRipEYW.jpg,3
YmTMvMTs.jpg,5
GTYAqqCt.jpg,1
GYOaZkpR.jpg,0
ZaqHcoJB.jpg,0
JKQVdAcM.jpg,2
BeVQWouG.jpg,2
GWsLKbXY.jpg,7
REYgHPGY.jpg,8
tuyCDQcL.jpg,2
gqoPGQlC.jpg,0
pztuPkgi.jpg,1
FyukSfBj.jpg,2
xxuxaPEr.jpg,6
IuWTVEaA.jpg,3
rMWRPGid.jpg,3
VRFTabDn.jpg,7
YeaGERBa.jpg,3
gPlbGdnk.jpg,3
EhlHDrlV.jpg,4
kaFcSFzh.jpg,6
eEHphrWm.jpg,6
MetpJxOZ.jpg,6
rJcHDtfU.jpg,4
PpmqldxV.jpg,9
GjhOGkdj.jpg,1
JFaFjHnT.jpg,5
WjyFceMM.jpg,0
bLtumfkA.jpg,9
tFkPjMxS.jpg,5
BqPYwZHV.jpg,2
PlUIbfHb.jpg,8
gJvdrmIa.jpg,2
xPhlEiNN.jpg,0
bMSiGbwR.jpg,0
UuPMDHFQ.jpg,1
eDggMONt.jpg,7
fpkegcRX.jpg,6
MzcVKVAw.jpg,3
BPrsNUzT.jpg,2
atDlTPaF.jpg,1
MtqTyCCO.jpg,7
AeTTNthZ.jpg,4
hMNNaNLD.jpg,6
bObVjZhG.jpg,3
LwaDMWIE.jpg,1
zNjrggLU.jpg,3
MyYYruCd.jpg,9
fZcqhKWR.jpg,1
tyTPFFst.jpg,7
TuXjTZZN.jpg,6
pavfyLMS.jpg,8
EsVxXezO.jpg,4
mIRdxGFo.jpg,3
zKgjKsvs.jpg,1
JcIIARzp.jpg,4
DbdIhzIw.jpg,0
gLwjGvqW.jpg,5
FHDFmXBD.jpg,3
hyeWIzAE.jpg,6
vhWyDgKN.jpg,9
cdVljikS.jpg,6
AIcsHpYn.jpg,1
qmLEZiQt.jpg,7
TaZJDzIi.jpg,5
bbxCQcvh.jpg,4
loAzlcvK.jpg,4
YgXQAjDs.jpg,7
XYQVPDvC.jpg,2
wAQTeDRt.jpg,8
YHqPyrPa.jpg,2
suHMYNHA.jpg,2
jchXbCNn.jpg,5
xqgirUHv.jpg,7
pNEitUeC.jpg,9
BabqhwXi.jpg,5
NxGRulMj.jpg,4
UcoUihpE.jpg,8
cwReEVpS.jpg,8
GVfFrXFi.jpg,4
quNvlAEG.jpg,9
aIzQsxDG.jpg,0
tueiIaqb.jpg,8
vqyoboBB.jpg,9
XNwpahPB.jpg,8
LMyGGbAv.jpg,0
xdWSvKMN.jpg,1
jRfpZcjU.jpg,2
HUrCRYTR.jpg,3
lUOiVjZh.jpg,4
ZPDOmTKu.jpg,5
VSUmtwDi.jpg,6
TARwDfVK.jpg,7
hjVGrbYO.jpg,8
LAnhXFgS.jpg,9
TGZZFpwD.jpg,0
hcBjNqFW.jpg,1
ekoOLBqa.jpg,2
zBILMqDj.jpg,3
tWxTosfc.jpg,4
nTLbmbtk.jpg,5
iwisOYKJ.jpg,6
OiAzsRGy.jpg,9
qlYyWTSD.jpg,0
GnipvMCD.jpg,1
HpricXvN.jpg,2
GwaYIaLG.jpg,3
MTpYFfLI.jpg,4
wEnSozUT.jpg,5
PhbdPiMT.jpg,6
SFRKqwgn.jpg,7
RkZzCyqR.jpg,8
Pspqhdem.jpg,9
cwgGcjej.jpg,0
jJieyiQJ.jpg,9
ZMJCPwCc.jpg,5
WLPOJmJg.jpg,5
URLstcGa.jpg,6
pwNOMEZc.jpg,5
ZSIykiZH.jpg,0
auyIevoZ.jpg,9
AcdFhFEk.jpg,8
ORlRxYdt.jpg,9
sZvAxmwa.jpg,8
ivkhEtsh.jpg,4
aiqxUWjP.jpg,1
lWrcMhul.jpg,7
LKwSiCuH.jpg,7
xQBrlfWK.jpg,3
CQfsuWyy.jpg,5
pIGtKHRi.jpg,1
KyiQyLCq.jpg,0
VDRdVzVl.jpg,0
wRiZffac.jpg,2
hbBDVXvp.jpg,2
MikIReTP.jpg,7
SJlBKsGF.jpg,8
PMotCsVT.jpg,2
BljeBDTJ.jpg,0
wzcjxcVB.jpg,1
wCSYgeBI.jpg,2
XfrxIGio.jpg,6
xuGspZHr.jpg,3
mqNjZHuG.jpg,3
fzYJqASb.jpg,7
hTFhbjWO.jpg,3
HHBdHBvb.jpg,3
udlNFuLf.jpg,4
QPSOVfLa.jpg,6
JJLHsGVm.jpg,6
rGWZerdj.jpg,6
JhmfEYHh.jpg,4
XiZwjLRd.jpg,9
RjVNUPmP.jpg,1
RNORvTOk.jpg,5
xVxXRApX.jpg,0
amqaIVnw.jpg,9
sVjnzARs.jpg,5
PeGWaNXH.jpg,2
NpmUgapL.jpg,8
FVtLroGh.jpg,0
qsPTjnWf.jpg,1
oapwzkqx.jpg,7
HtZDMxiN.jpg,6
lXNlqSzd.jpg,3
SaKSoBol.jpg,2
iRbNnWbj.jpg,1
CdToScgE.jpg,7
FNLvjReZ.jpg,4
pWQsqjtQ.jpg,6
ZEIUxcuL.jpg,3
IwmDFIQt.jpg,1
fHNIDlnb.jpg,3
SnhlRtKo.jpg,9
yymrelMo.jpg,1
MBeUSSvT.jpg,7
ipeaOajr.jpg,6
KvlLrfwj.jpg,8
LGbxKHpM.jpg,4
MlfbtXYP.jpg,3
saelGAdH.jpg,1
jNEpnsCk.jpg,4
JmuTnDaL.jpg,0
ocsoAJUQ.jpg,5
bIvUrrOK.jpg,3
sGHzXYRb.jpg,6
MHBiBqyY.jpg,9
UvchdyXH.jpg,6
yBBDDuuv.jpg,1
hRrpXXbz.jpg,7
VWIFHGBK.jpg,5
pTboekDa.jpg,4
bptEUAFA.jpg,4
sLCCXsrE.jpg,7
UJbFYxdp.jpg,2
hIYkhNBX.jpg,2
PLrbxblL.jpg,5
gfUmDTzd.jpg,7
QgglOLSL.jpg,9
gkJLSXkM.jpg,5
CmgZXXSP.jpg,4
FAJlVkqn.jpg,4
QOzVQXOc.jpg,9
MOblhlpz.jpg,0
TLtoieyZ.jpg,8
hcAgleVP.jpg,9
BAHdZZhi.jpg,8
HWcDkzhp.jpg,0
cFQvfLIK.jpg,1
VDmHCavz.jpg,2
cbxcDoRo.jpg,3
DvzFFeEU.jpg,4
ZptwRMdc.jpg,5
ZIeWvEnN.jpg,6
sCpKgAnb.jpg,7
QMSjarzd.jpg,8
iWFjPSal.jpg,9
KQjbwUKz.jpg,0
cyLSvsWK.jpg,1
BJLOfwQh.jpg,2
pZcowCZQ.jpg,3
smRpLNAc.jpg,4
RUCQQpBp.jpg,5
YnKyIxIA.jpg,6
bkQtnPMM.jpg,7
FVlZnqfb.jpg,8
yGMeccKc.jpg,9
lhJGTZix.jpg,0
CrMPitRx.jpg,1
TYGNUFiN.jpg,2
NiwNlcIL.jpg,3
qxtdZDzy.jpg,4
BWIGkHaj.jpg,5
UPzxmCvQ.jpg,6
UWLompxe.jpg,7
hCTISHDc.jpg,8
zsQZuYzd.jpg,9
oHsoRdnP.jpg,0
EYuGkMTN.jpg,9
TkzncJif.jpg,5
STAVPDhn.jpg,5
zzVCyndo.jpg,6
kcZqQiJn.jpg,5
oCMamcCz.jpg,0
AfvRjRDI.jpg,9
BzRlRoGf.jpg,8
FJogmIkm.jpg,9
GqbvHjpA.jpg,8
CswbSbvi.jpg,4
pNMMvgaS.jpg,1
KfJfBoyR.jpg,7
CbZwBDEm.jpg,7
rIspTVJZ.jpg,3
wReNsvhz.jpg,5
TFuipant.jpg,1
iHMndhnW.jpg,0
rjmKoDbW.jpg,0
tzsHzyCz.jpg,2
XPAwoHHo.jpg,2
jwrsLrqm.jpg,7
sIWoqsob.jpg,8
fvURokcK.jpg,2
paZNBEmk.jpg,0
LVRXANTr.jpg,1
TosywcQX.jpg,2
sCNJRbbW.jpg,6
OjDlBKrt.jpg,3
IglEVzIX.jpg,3
VNgjmqcO.jpg,7
vVxjmKzx.jpg,3
ZPqfvErl.jpg,3
EpUqJYOL.jpg,4
fPkvVXvF.jpg,6
IfkAlSdV.jpg,6
dwRWKELN.jpg,6
CecvyjdG.jpg,4
NdWgvbwd.jpg,9
vmbIsiRd.jpg,1
JWfwOaDF.jpg,5
UtBQrZxS.jpg,0
EpAitHhy.jpg,9
xgVlWbpj.jpg,5
YgLCkHcb.jpg,2
gzghFIHK.jpg,8
zdeTljfu.jpg,2
UaloqiiI.jpg,0
RBDxOSmy.jpg,0
YwqfYnQX.jpg,1
pwXbtvJr.jpg,7
VsZDxCVX.jpg,6
ReSjNrKr.jpg,3
mLVqezXm.jpg,2
rWCNnQyc.jpg,1
NEZzbdVb.jpg,7
mQPrpWnH.jpg,4
liXyXTNh.jpg,6
IqUhMZVM.jpg,3
rbYSQaTu.jpg,1
rhcwMHYw.jpg,3
IkvxfTVO.jpg,9
grjzsTgT.jpg,1
YytESCcJ.jpg,7
xlvqVDvy.jpg,6
DKoIBypg.jpg,8
TVoGQuET.jpg,4
WiWcABvB.jpg,3
bWdWhckT.jpg,1
yODQTANZ.jpg,4
YCNQLRKF.jpg,0
jAxjuzSB.jpg,5
YPFpvCmg.jpg,3
XlXNataT.jpg,6
UTtAtbtQ.jpg,9
QEqMKxln.jpg,6
CrZyOnHP.jpg,1
IjieMvKV.jpg,7
RxmTVyAb.jpg,5
kJuKGfme.jpg,4
qhNZbKxB.jpg,4
hxhwtFIA.jpg,7
datjcVlE.jpg,2
tHLbZdHX.jpg,8
HRgyqHas.jpg,2
nUxtEtGP.jpg,2
WDITEqoB.jpg,5
gsuhJoVs.jpg,7
ptYzXqsQ.jpg,9
Lgmdhquh.jpg,5
RujgLXZu.jpg,4
XuNUUytn.jpg,8
jClEGhIE.jpg,8
FrmcWThC.jpg,4
KKoHEMBB.jpg,9
oRIuvtVk.jpg,0
sPzBtjfx.jpg,8
rMEOOKkB.jpg,9
dptodLwG.jpg,8
